name,url,author,follower,comment_count
doremon,https://www.pinterest.com/pin/3096293488330550/,Author not found,Datxvinhlong97 followers,11 Comments
doremon,https://www.pinterest.com/pin/351912465205985/,VICE ADMIRAL,9.4k followers,10 Comments
doremon,https://www.pinterest.com/pin/70437488764288/,Author not found,Xnaxz-Car7399 followers,21 Comments
doremon,https://www.pinterest.com/pin/70437488764288/,Author not found,Xnaxz-Car7399 followers,21 Comments
doremon,https://www.pinterest.com/pin/70437488764288/,Author not found,Xnaxz-Car7399 followers,21 Comments
doremon,https://www.pinterest.com/pin/70437488764288/,Author not found,Xnaxz-Car7399 followers,21 Comments
doremon,https://www.pinterest.com/pin/281543724017864/,Author not found,Thanself3k followers,111 Comments
doremon,https://www.pinterest.com/pin/563018697064222/,Author not found,Morrison951 followers,10 Comments
doremon,https://www.pinterest.com/pin/18014467256068626/,luffy,20 followers,3 Comments
