name,url
doremon,https://www.pinterest.com/pin/3096293488330550/
doremon,https://www.pinterest.com/pin/351912465205985/
doremon,https://www.pinterest.com/pin/70437488764288/
doremon,https://www.pinterest.com/pin/70437488764288/
doremon,https://www.pinterest.com/pin/70437488764288/
doremon,https://www.pinterest.com/pin/70437488764288/
doremon,https://www.pinterest.com/pin/281543724017864/
doremon,https://www.pinterest.com/pin/563018697064222/
doremon,https://www.pinterest.com/pin/18014467256068626/
